{"cameraMode":{"drawMode":0,"name":"Shaded","section":"Shading Mode"},"sceneLighting":true,"audioPlay":false,"sceneViewState":{"showFog":true,"showMaterialUpdate":false,"showSkybox":true,"showFlares":true,"showImageEffects":true,"showParticleSystems":true,"showVisualEffectGraphs":true,"m_FxEnabled":true},"in2DMode":false,"pivot":{"x":-1.6524147987365723,"y":-2.3335189819335939,"z":0.15131235122680665},"rotation":{"x":-0.021282220259308816,"y":0.05006539449095726,"z":-0.0010709436610341073,"w":-0.9985262751579285},"size":14.777857780456543,"orthographic":true}