{"cameraMode":{"drawMode":0,"name":"Shaded","section":"Shading Mode"},"sceneLighting":true,"audioPlay":false,"sceneViewState":{"showFog":true,"showMaterialUpdate":false,"showSkybox":true,"showFlares":true,"showImageEffects":true,"showParticleSystems":true,"showVisualEffectGraphs":true,"m_FxEnabled":true},"in2DMode":false,"pivot":{"x":3.1855645179748537,"y":1.7152421474456788,"z":13.324719429016114},"rotation":{"x":0.1059863269329071,"y":-0.43994492292404177,"z":0.05237887427210808,"w":0.8902092576026917},"size":1.6267948150634766,"orthographic":false}